{"Fid":"c6ZyqYtuSRWvroiT6DHToh","Status":3,"AuthToken":"eyJhbGciOiJFUzI1NiIsInR5cCI6IkpXVCJ9.eyJhcHBJZCI6IjE6MjkzOTU1NDQxODM0OmFuZHJvaWQ6NzM3M2EyZDBiZGZhMzIyOCIsImV4cCI6MTc0MTg2ODg2MCwiZmlkIjoiYzZaeXFZdHVTUld2cm9pVDZESFRvaCIsInByb2plY3ROdW1iZXIiOjI5Mzk1NTQ0MTgzNH0.AB2LPV8wRgIhAK3qZhpjNaPpJgoYPoNAp1J7zHbyOF8UV2cI40YPk-qdAiEAxrW5nnxJVmKy7FdjJ4yNAilya3SbU7ZU5YG1mXWuWBs","RefreshToken":"3_AS3qfwILGJBGO81WzLSEqVSIA9I7sL3N2anP_QCo95cokdktCOXMzmIyLbMfdndQYX2RZDJrGYL4ib-RpJix0xXgFcPKpWI-37_ImefjAtRfbdo","TokenCreationEpochInSecs":1741264060,"ExpiresInSecs":604800}