<?xml version='1.0' encoding='UTF_8' standalone='yes' ?><share_targets><target id="46738666015@s.whatsapp.net" short_label="Pelle" rank="6" icon_bitmap_path="/data/user/0/com.whatsapp/files/ShortcutInfoCompatSaver_share_targets/ShortcutInfoCompatSaver_share_targets_bitmaps/0a44773c-7614-41ed-aa0b-731941280918"><intent action="android.intent.action.VIEW" targetPackage="com.whatsapp" targetClass="com.whatsapp.Conversation" /><categories name="com.whatsapp.sharing.category.SHARE_TARGET_DEFAULT" /></target><target id="46707995412@s.whatsapp.net" short_label="Kalle “msabsupport” Svensson" rank="0" icon_bitmap_path="/data/user/0/com.whatsapp/files/ShortcutInfoCompatSaver_share_targets/ShortcutInfoCompatSaver_share_targets_bitmaps/f482fdef-5c55-462d-bd40-6211f7262bec"><intent action="android.intent.action.VIEW" targetPackage="com.whatsapp" targetClass="com.whatsapp.Conversation" /><categories name="com.whatsapp.sharing.category.SHARE_TARGET_DEFAULT" /></target><target id="46736992547@s.whatsapp.net" short_label="Bender Rodriquez" rank="1" icon_bitmap_path="/data/user/0/com.whatsapp/files/ShortcutInfoCompatSaver_share_targets/ShortcutInfoCompatSaver_share_targets_bitmaps/1ee2bf7a-4df5-4c93-8ea3-3a4c3bad85a1"><intent action="android.intent.action.VIEW" targetPackage="com.whatsapp" targetClass="com.whatsapp.Conversation" /><categories name="com.whatsapp.sharing.category.SHARE_TARGET_DEFAULT" /></target><target id="46764227853@s.whatsapp.net" short_label="Johanna Testsson" rank="5" icon_bitmap_path="/data/user/0/com.whatsapp/files/ShortcutInfoCompatSaver_share_targets/ShortcutInfoCompatSaver_share_targets_bitmaps/1db3f7eb-3bd1-4626-9caf-646119d1fb00"><intent action="android.intent.action.VIEW" targetPackage="com.whatsapp" targetClass="com.whatsapp.Conversation" /><categories name="com.whatsapp.sharing.category.SHARE_TARGET_DEFAULT" /></target><target id="46708897503@s.whatsapp.net" short_label="Kalle “msabsupport” Svensson" rank="4" icon_bitmap_path="/data/user/0/com.whatsapp/files/ShortcutInfoCompatSaver_share_targets/ShortcutInfoCompatSaver_share_targets_bitmaps/9e461717-6ad5-4ab9-9b2e-4d6db1f012b4"><intent action="android.intent.action.VIEW" targetPackage="com.whatsapp" targetClass="com.whatsapp.Conversation" /><categories name="com.whatsapp.sharing.category.SHARE_TARGET_DEFAULT" /></target><target id="85296276440@s.whatsapp.net" short_label="Oscar Hk" rank="2" icon_bitmap_path="/data/user/0/com.whatsapp/files/ShortcutInfoCompatSaver_share_targets/ShortcutInfoCompatSaver_share_targets_bitmaps/90a8c0ab-6a4a-4b01-81e3-71a455895433"><intent action="android.intent.action.VIEW" targetPackage="com.whatsapp" targetClass="com.whatsapp.Conversation" /><categories name="com.whatsapp.sharing.category.SHARE_TARGET_DEFAULT" /></target><target id="6591204800@s.whatsapp.net" short_label="Oscar Choi" rank="3" icon_bitmap_path="/data/user/0/com.whatsapp/files/ShortcutInfoCompatSaver_share_targets/ShortcutInfoCompatSaver_share_targets_bitmaps/bd8d6fe9-3926-4356-836e-2632c39f4643"><intent action="android.intent.action.VIEW" targetPackage="com.whatsapp" targetClass="com.whatsapp.Conversation" /><categories name="com.whatsapp.sharing.category.SHARE_TARGET_DEFAULT" /></target></share_targets>