<?xml version='1.0' encoding='utf-8' standalone='yes' ?>
<map>
    <long name="reachability_sync_backoff" value="-1" />
    <long name="status_full_sync_wait" value="534185000" />
    <long name="delta_sync_backoff" value="-1" />
    <long name="last_contact_full_sync" value="1741264135669" />
    <long name="contact_sync_backoff" value="-1" />
    <long name="contact_full_sync_wait" value="481441000" />
    <long name="sidelist_sync_backoff" value="-1" />
    <long name="disappearing_mode_sync_backoff" value="-1" />
    <long name="business_sync_backoff" value="-1" />
    <long name="last_sidelist_full_sync" value="1741264135669" />
    <long name="lid_sync_backoff" value="-1" />
    <long name="global_backoff_time" value="-1" />
    <long name="devices_sync_backoff" value="-1" />
    <long name="status_sync_backoff" value="-1" />
    <long name="last_status_full_sync" value="1741264135669" />
    <int name="contact_version" value="1" />
    <long name="payment_sync_backoff" value="-1" />
    <long name="bot_sync_backoff" value="-1" />
    <long name="picture_sync_backoff" value="-1" />
</map>
