<?xml version='1.0' encoding='utf-8' standalone='yes' ?>
<map>
    <set name="kotlin/2.0.20 fire-fcm/23.4.1 device-name/redfin device-model/redfin fire-core-ktx/20.4.2 fire-core/20.4.2 fire-android/34 android-installer/com.android.vending device-brand/google fire-installations/17.2.0 android-platform/ android-min-sdk/21 android-target-sdk/35 fire-transport/18.1.7">
        <string>2025-03-06</string>
    </set>
    <long name="fire-count" value="1" />
    <string name="last-used-date">2025-03-06</string>
    <long name="fire-global" value="1741264060072" />
</map>
