<?xml version='1.0' encoding='utf-8' standalone='yes' ?>
<map>
    <string name="/export/enc/prefetched/owner">46700923760@s.whatsapp.net</string>
    <string name="/export/enc/prefetched/server_salt">2O6JQd2tPumkJvonE6J+arNjcYy0KFQApNJg9V799qs=</string>
    <string name="/export/enc/prefetched/seed">kPOVrJuog7mEf6dUroLfCQSSmFK+pvl7tI8Dpe5kZp0=</string>
    <string name="/export/enc/prefetched/account_hash">/FPcM91qocZpZ7vf/+BfuNt3iucFI2W6SdzFeEaYgHw=</string>
    <string name="/export/enc/prefetched/version">2</string>
    <long name="/export/enc/prefetched/last_fetch_time" value="1741264126602" />
</map>
