<?xml version='1.0' encoding='utf-8' standalone='yes' ?>
<map>
    <long name="enter_integrity_pass_timestamp" value="1741264136133" />
    <string name="encryption_secret_key"></string>
    <boolean name="backup_contacts_updated" value="false" />
    <boolean name="upsell_banner_is_shown" value="false" />
    <int name="migration_version" value="2" />
    <int name="integrity_status" value="1" />
    <string name="encryption_secret_key_list"></string>
    <long name="enter_integrity_pending_timestamp" value="0" />
    <long name="enter_integrity_unknown_timestamp" value="0" />
    <long name="download_timestamp" value="1741264136134" />
    <int name="phone_number_change_state" value="0" />
    <long name="enter_integrity_timelock_timestamp" value="0" />
    <boolean name="backup_contacts" value="true" />
    <boolean name="nux_shown" value="false" />
    <long name="nux_onboard_time" value="0" />
</map>
