<?xml version='1.0' encoding='utf-8' standalone='yes' ?>
<map>
    <int name="com.whatsapp.registration.RegisterPhone.country_code_position" value="-1" />
    <int name="com.whatsapp.registration.RegisterPhone.phone_number_position" value="9" />
    <string name="com.whatsapp.registration.RegisterPhone.input_country_code">46</string>
    <string name="com.whatsapp.registration.RegisterPhone.country_code">46</string>
    <string name="com.whatsapp.registration.RegisterPhone.phone_number">700923760</string>
    <int name="com.whatsapp.registration.RegisterPhone.verification_state" value="7" />
    <string name="com.whatsapp.registration.RegisterPhone.input_phone_number">70 092 37 60</string>
</map>
