<?xml version='1.0' encoding='utf-8' standalone='yes' ?>
<map>
    <int name="biz_profile_options" value="116" />
    <boolean name="abprops_rollback_enabled" value="true" />
    <boolean name="server_props:one_time_unlocked" value="false" />
    <int name="media_limit_auto_download_mb" value="32" />
    <int name="linked_device_max_count" value="4" />
    <boolean name="payments_request_messages" value="true" />
    <int name="subject_length_limit" value="100" />
    <boolean name="stella_contact_ranking_enabled" value="true" />
    <boolean name="wa_msys_crypto" value="true" />
    <int name="vcard_as_document_size_kb" value="64" />
    <int name="vcard_max_size_kb" value="5000" />
    <int name="md_mhfs_limit" value="50" />
    <boolean name="syncd_patch_device_index_included" value="true" />
    <int name="critical_payload_upload_timeout_secs" value="120" />
    <boolean name="smb_upsell_chat_banner_enabled" value="true" />
    <int name="overnight_alarms_jitter_limit_in_sec" value="60" />
    <boolean name="stella_interop_enabled" value="true" />
    <boolean name="profilo_enabled" value="true" />
    <long name="groups_server_props_last_refresh_time" value="1741264126314" />
    <int name="md_mhfs_days" value="365" />
    <int name="gif_provider" value="1" />
    <int name="payments_upi_generate_qr_amount_limit" value="2000" />
    <int name="max_keys" value="812" />
    <int name="biz_block_reasons_version" value="6" />
    <int name="sync_wifi_threshold_kb" value="0" />
    <string name="ephemeral_messages_allowed_values">86400,604800,7776000</string>
    <int name="group_description_length" value="2048" />
    <string name="server_props:config_hash">3Jmy9C</string>
    <int name="payments_upi_intent_transaction_limit" value="2000" />
    <int name="server_props:last_version" value="27" />
    <boolean name="abprops_prefs_file_rollback_usage_enabled" value="true" />
    <boolean name="linked_devices_re_auth_enabled" value="true" />
    <int name="mms_vcard_autodownload_size_kb" value="64" />
    <boolean name="syncd_clear_chat_delete_chat_enabled" value="true" />
    <boolean name="md_pin_chat_enabled" value="true" />
    <int name="abprops_revert_bg_crash_count" value="10" />
    <string name="payments_cs_faq_url">https://faq.whatsapp.com/payments</string>
    <int name="syncd_keep_alive_mins" value="360" />
    <int name="shops_required_tos_version" value="1" />
    <int name="participants_size_limit" value="1025" />
    <int name="abprops_revert_fg_crash_count" value="5" />
    <long name="server_props:refresh" value="83614000" />
    <boolean name="fbns_disabled_for_secondary" value="true" />
    <int name="stella_addressbook_restriction_type" value="20" />
    <boolean name="fbns_enabled" value="true" />
</map>
