<?xml version='1.0' encoding='utf-8' standalone='yes' ?>
<map>
    <long name="last_ntp_client_time" value="1741264062009" />
    <boolean name="async_tasks_pending_for_version_change" value="false" />
    <boolean name="app_lock_auth_needed" value="true" />
    <boolean name="run_on_connect_tasks_for_version_change" value="false" />
    <boolean name="force_db_check" value="false" />
    <int name="year_class_cached_value_pref" value="2014" />
    <int name="startup_migrated_version" value="13" />
    <int name="profile_photo_full_id" value="-1" />
    <string name="version">2.25.4.77</string>
    <long name="client_server_time_diff" value="0" />
    <int name="year_class_cached_value_2016_pref" value="2016" />
    <int name="profile_photo_thumb_id" value="-1" />
    <long name="client_ntp_time_diff" value="115" />
    <int name="registration_state" value="3" />
    <boolean name="force_backup_check" value="true" />
    <string name="push_name">SSM</string>
</map>
